Time(s),x(m),y(m),Yaw(rad),Speed(km/h),Track Error(m),Yaw Angle(rad),Curvature
0.1,0.0,0.0,0.0,1.5,0.0,0.0,0.0015696092374476913
0.2,0.041666666666666664,0.0,0.34051543185728006,2.7750000000000004,2.2560655249249456e-05,0.34051543185728006,0.001560322831791619
0.30000000000000004,0.11432407930427696,0.025743750049008148,0.8995984457966898,3.8587499999999997,0.0014910653595209616,0.8995984457966898,0.0015450361959271379
0.4,0.18098660804216948,0.10967984132397551,1.51538228714456,4.7799375,0.016799494715942623,1.51538228714456,0.0015327575750507252
0.5,0.18834049991229945,0.24225207640746063,2.0602917313450733,4.062946875,0.06872654427227064,2.0602917313450733,0.001534444049047745
0.6,0.1352760880116439,0.3418586298867397,2.368213729304541,3.4535048437499998,0.1260640613758399,2.368213729304541,0.0015483779854462874
0.7,0.06663246180329958,0.40887168745637137,2.561499232061662,4.4354791171875,0.17123195043921335,2.561499232061662,0.001565200679490715
0.7999999999999999,-0.03641991362880295,0.4764021130436375,2.7573265951559276,5.270157249609374,0.22010572333070003,2.7573265951559276,0.0015902873018931994
0.8999999999999999,-0.17213726977461047,0.5312818444243325,2.928012380358271,5.979633662167968,0.2583137458391744,2.928012380358271,0.0016236588954686227
0.9999999999999999,-0.3344641099747052,0.5664886275567458,3.058680638480789,6.582688612842773,0.2754226762834054,3.058680638480789,0.0016646111227070592
1.0999999999999999,-0.5166884307210627,0.5816319294880276,3.1445562676477663,7.095285320916357,0.2696000256814663,3.1445562676477663,0.0017124171830814182
1.2,-0.7137788241089595,0.5810478279174345,3.1890747332152873,7.530992522778904,0.2464207093040211,3.1890747332152873,0.0017668252067596871
1.3,-0.9227372859429027,0.5711185824859822,3.201497358975437,7.901343644362068,0.21440047304091206,3.201497358975437,0.0018281744311301738
1.4000000000000001,-1.1418253583437974,0.5579784541872446,3.193343214307082,8.216142097707758,0.18097677130305256,3.193343214307082,0.0018972444319456118
1.5000000000000002,-1.3697459873278306,0.5461728930509394,3.175011665166852,8.483720783051593,0.15071747072229003,3.175011665166852,0.001975063135126496
1.6000000000000003,-1.6052733147051519,0.5382988710367803,3.1539141621221622,8.711162665593855,0.12545490629049283,3.1539141621221622,0.002062822709415872
1.7000000000000004,-1.847231687245815,0.5353174280030464,3.1342400660627585,8.904488265754777,0.10525664218508927,3.1342400660627585,0.0021619152945634833
1.8000000000000005,-2.094571897693098,0.5371360513213549,3.1177055287233624,9.06881502589156,0.08938496508038805,3.1177055287233624,0.0022740366727457416
1.9000000000000006,-2.3464115599115476,0.5431529212207157,3.1045537930123457,9.208492772007826,0.0769130645940917,3.1045537930123457,0.002401319732106826
2.0000000000000004,-2.6020275886194595,0.5526249795658641,3.0943622182704926,9.327218856206652,0.06701166623080489,3.0943622182704926,0.0025464944488932414
2.1000000000000005,-2.8608280778139625,0.5648573363142063,3.0865298493478543,9.428136027775654,0.05903240722757519,3.0865298493478543,0.00271309591624415
2.2000000000000006,-3.1223238277379317,0.5792705951269512,3.0805034980956774,9.513915623609307,0.05249871930281515,3.0805034980956774,0.0029057573963124713
2.3000000000000007,-3.3861062923111698,0.5954049185965216,3.075848349216343,9.58682828006791,0.04706838164421572,3.075848349216343,0.0031306400187095743
2.400000000000001,-3.651831767388194,0.6129000688845456,3.072247454496275,9.648804038057724,0.042495788482731715,3.072247454496275,0.003396089702142907
2.500000000000001,-3.919209932888658,0.6314712386305636,3.0694784640455963,9.701483432349065,0.038602497368521366,3.0694784640455963,0.0037136700730535425
2.600000000000001,-4.187995163228381,0.6508881382660892,3.067389120351468,9.746260917496706,0.03525650967919138,3.067389120351468,0.004099828471355389
2.700000000000001,-4.457979634616102,0.670958790929192,3.0658785308354544,9.7843217798722,0.032358336166449786,3.0658785308354544,0.004578728574373378
2.800000000000001,-4.728987696686522,0.6915172282571422,3.064885297587388,9.81667351289137,0.029831769981474132,3.064885297587388,0.0051872772679366335
2.9000000000000012,-5.000871222443282,0.7124136958116765,3.0643819580100646,9.844172485957666,0.02761779816655652,3.0643819580100646,0.005984610090479544
3.0000000000000013,-5.273505780360718,0.7335059300600509,3.0643757925420796,9.867546613064015,0.02567064860076457,3.0643757925420796,0.0070713614814879745
3.1000000000000014,-5.546787554847963,0.754649930885447,3.064918156614192,9.887414621104412,0.023955459316239096,3.064918156614192,0.008632683048069922
3.2000000000000015,-5.820631024521662,0.7756879847621715,3.066129564734973,9.90430242793875,0.02244759213138929,3.066129564734973,0.011047022497282148
3.3000000000000016,-6.09496754960061,0.7964296536596304,3.068262265033998,9.918657063747938,0.021134669860201256,3.068262265033998,0.015213439235068987
3.4000000000000017,-6.369745354794925,0.8166154117930192,3.071874122933402,9.930858504185748,0.0200261010668225,3.071874122933402,0.023834329622747893
3.5000000000000018,-6.644932381136585,0.8358321925182843,3.078437627296534,9.941229728557886,0.033053405003097586,3.078437627296534,0.05477665502179383
3.600000000000002,-6.920527123771946,0.8532605632514365,5.359706586491396,9.950045269274202,0.019118385792754322,5.359706586491396,0.3055375368868201
3.700000000000002,-6.753850371937765,0.6327829602897447,3.6216753943485487,9.957538478883073,0.005165698209176331,3.6216753943485487,0.07342727746595218
3.800000000000002,-6.999181082679167,0.5050353301921879,3.225743320549677,9.963907707050613,0.03804882015592531,3.225743320549677,0.5906955342733216
3.900000000000002,-7.274976905947425,0.4817719899454183,5.229176654163606,9.96932155099302,0.1134302641823356,5.229176654163606,384.65352010937323
4.000000000000002,-7.138150775499693,0.2410098724765362,7.78876032282003,9.973923318344069,0.2324070421409412,7.78876032282003,5.280038517221915
4.100000000000001,-7.120093796039278,0.517474239220871,6.417913667149556,9.97783482059246,0.046077884382101156,6.417913667149556,53.38002551509937
4.200000000000001,-6.845443400698026,0.5547029648782137,9.582154279624326,9.981159597503591,0.015113202032035736,9.582154279624326,0.11843104812932331
4.300000000000001,-7.119271491842268,0.5112495730101847,11.682910387336566,9.983985657878051,0.0483746799374372,11.682910387336566,47.29871779363477
4.4,-6.943309179330334,0.29688814602652003,15.63656595208549,9.986387809196344,0.15363145264307684,15.63656595208549,0.1884696596629229
4.5,-7.220002107965207,0.31667691480434307,17.885202185757738,9.988429637816893,0.19265365339547375,17.885202185757738,56.804319115736774
4.6,-7.061866394724565,0.08869634907481141,19.521311490837462,9.990165192144358,0.37946126374601247,19.521311490837462,0.5091710082954272
4.699999999999999,-6.844655151823568,0.26140440531621945,19.157780536169515,9.991640413322704,0.17094848173646582,19.157780536169515,0.09343154200971282
4.799999999999999,-6.5801892900549,0.34560268166854285,18.942024257791108,9.9928943513243,0.08820098406183866,18.942024257791108,0.038372422218424206
4.899999999999999,-6.3037947568554635,0.3712335172185446,18.84276176321509,9.993960198625656,0.057591747465691,18.84276176321509,0.023458116165125727
4.999999999999998,-6.026191158633888,0.3693474053995746,18.80327104487971,9.994866168831807,0.04493906351611096,18.80327104487971,0.01728378333532047
5.099999999999998,-5.748853321689268,0.3565016834269276,18.78883505299359,9.995636243507036,0.03851655871205693,18.78883505299359,0.01406041350698048
5.1999999999999975,-5.471708465305395,0.33965249415496035,18.783989090797405,9.99629080698098,0.034452244790212014,18.783989090797405,0.01213222181454681
5.299999999999997,-5.194630370024867,0.3214592831768696,18.782690151265598,9.996847185933834,0.031417719228740315,18.782690151265598,0.01087583499969913
5.399999999999997,-4.91756071993382,0.3029051473181801,18.78271322912054,9.997320108043757,0.028929462168199898,18.78271322912054,0.010009807516524178
5.4999999999999964,-4.640477534337784,0.28435652819727053,18.78326202920479,9.997722091837193,0.026793690846285422,18.78326202920479,0.009389984346358883
5.599999999999996,-4.363373069296314,0.2659592354277251,18.784054221850422,9.998063778061615,0.024919805850041082,18.784054221850422,0.008935433587344823
5.699999999999996,-4.0862446460772,0.24778084727651445,18.78498831295171,9.998354211352373,0.02325652135358524,18.78498831295171,0.008597452783356248
5.799999999999995,-3.809091312710389,0.2298608096690425,18.786025732568465,9.998601079649518,0.02176945671521264,18.786025732568465,0.008345105919568512
5.899999999999995,-3.5319126942713077,0.2122278705957368,18.787149888392733,9.99881091770209,0.02043286690559206,18.787149888392733,0.008157878317133849
5.999999999999995,-3.2547086113159414,0.194906171038292,18.788352132605773,9.998989280046775,0.01922627763320841,18.788352132605773,0.008021685639772902
6.099999999999994,-2.9774789585537658,0.17791744787796293,18.789626981640442,9.99914088803976,0.018132892503772615,18.789626981640442,0.00792658235799251
6.199999999999994,-2.700223669249527,0.1612819121527928,18.79097047415478,9.999269754833795,0.017138695138865886,18.79097047415478,0.007865384237780737
6.299999999999994,-2.4229427069614733,0.14501867214017886,18.792379582797075,9.999379291608726,0.016231862757535596,18.792379582797075,0.007832807694507145
6.399999999999993,-2.145636065575594,0.1291459932696078,18.793851973015705,9.999472397867416,0.01540234451370844,18.793851973015705,0.007824913606203118
6.499999999999993,-1.868303771738625,0.11368149105150269,18.795385912096062,9.999551538187305,0.014641541764975891,18.795385912096062,0.007838738823352273
6.5999999999999925,-1.5909458874661322,0.09864229867808635,18.796980162905502,9.99961880745921,0.013942056369065162,18.796980162905502,0.007872044255308
6.699999999999992,-1.313562513421557,0.08404520506360723,18.7986339526825,9.999675986340328,0.013297492417057652,18.7986339526825,0.007923140523563965
6.799999999999992,-1.0361537919449035,0.06990678414546785,18.80034692924261,9.999724588389277,0.012702295208730383,18.80034692924261,0.00799076453375848
6.8999999999999915,-0.7587199102723559,0.05624351196736317,18.802119126830323,9.999765900130885,0.01215162044713352,18.802119126830323,0.008073990978643739
6.999999999999991,-0.4812611040030065,0.04307187422814931,18.803950939114593,9.999801015111252,0.011641227110253184,18.803950939114593,0.008172168216662407
7.099999999999991,-0.20377766088879162,0.03040846628492589,18.805843098210598,9.999830862844565,0.011167389116976336,18.805843098210598,0.008284871519157673
7.19999999999999,0.07373007497322409,0.018270087287538435,18.807796659070497,9.99985623341788,0.010726822055237315,18.807796659070497,0.008411868952324654
7.29999999999999,0.3512616984659339,0.006673829938075575,18.80981298877142,9.999877798405198,0.01031662207687797,18.80981298877142,0.008553096648674312
7.39999999999999,0.6288167382112433,-0.004362832763234473,18.811893760336435,9.99989612864442,0.009934214688863163,18.811893760336435,0.008708641218421418
7.499999999999989,0.9063946506737783,-0.014821962526679769,18.814040950811886,9.999911709347757,0.009577311645609429,18.814040950811886,0.008878727731021998
7.599999999999989,1.1839948135111666,-0.02468507135530395,18.816256843407235,9.999924952945593,0.009243874512706632,18.816256843407235,0.009063712170944111
7.699999999999989,1.4616165180611655,-0.03393303657494594,18.818544033582207,9.999936210003753,0.00893208375624254,18.818544033582207,0.00926407761237401
7.799999999999988,1.7392589608412048,-0.04254601421979233,18.820905439068085,9.999945778503191,0.008640312434551716,18.820905439068085,0.009480433600621938
7.899999999999988,2.0169212339180587,-0.050503349686497355,18.82334431384267,9.999953911727712,0.008367103743912667,18.82334431384267,0.009713518423369856
7.999999999999988,2.2946023139832286,-0.057783484566449834,18.825864266225718,9.999960824968555,0.008111151811132982,18.825864266225718,0.00996420409929628
8.099999999999987,2.5723010499436194,-0.06436385852173536,18.828469281316867,9.999966701223272,0.007871285236307847,18.828469281316867,0.010233504036198068
8.199999999999987,2.850016148805424,-0.07022080501140464,18.83116374809569,9.99997169603978,0.007646452979708729,18.83116374809569,0.010522583420838236
8.299999999999986,3.1277461595911142,-0.0753294395891982,18.833952491615886,9.999975941633814,0.007435712260511405,18.833952491615886,0.010832772505757305
8.399999999999986,3.405489454983722,-0.07966353937790836,18.83684081084417,9.999979550388742,0.007238218195391664,18.83684081084417,0.01116558306227568
8.499999999999986,3.683244210337414,-0.08319541217761234,18.839834522831033,9.999982617830431,0.007053214955125542,18.839834522831033,0.011522728379949379
8.599999999999985,3.961008379626552,-0.08589575348031356,18.84294001406021,9.999985225155866,0.006880028259555568,18.84294001406021,0.011906147317187171
8.699999999999985,4.238779667824293,-0.08773348943601476,18.846164300012664,9.999987441382485,0.006718059067405649,18.846164300012664,0.012318033052487706
8.799999999999985,4.51655549910282,-0.0886756035372208,18.849515094206748,9.999989325175113,0.0065667783490552245,18.849515094206748,0.012760867359087604
8.899999999999984,4.794332980126175,-0.08868694445067027,18.853000888250286,9.999990926398846,0.006425722858823814,18.853000888250286,0.01323746143735811
8.999999999999984,5.072108857557652,-0.08773001201409135,18.856631044773255,9.999992287439019,0.006294491849776738,18.856631044773255,0.013751004601973626
9.099999999999984,5.349879468719657,-0.08576471791660564,18.86041590552031,9.999993444323167,0.006172744699725035,18.86041590552031,0.014305122450761737
9.199999999999983,5.627640684115352,-0.08274811697389384,18.86436691739064,9.999994427674691,0.006060199443130572,18.86436691739064,0.014903946560785796
9.299999999999983,5.905387840236064,-0.07863410416802552,18.86849677984664,9.999995263523488,0.005956632231322553,18.86849677984664,0.01555219829319894
9.399999999999983,6.183115660720306,-0.0733730717145104,18.872819617909297,9.999995973994965,0.00586187777432801,18.872819617909297,0.016255289980294154
9.499999999999982,6.460818163478041,-0.06691151930383067,18.877351185965402,9.99999657789572,0.00577583085352948,18.877351185965402,0.017019447668448203
9.599999999999982,6.7384885508193255,-0.0591916092875631,18.88210910889427,9.999997091211362,0.005698449037717166,18.88210910889427,0.017851860771318524
9.699999999999982,7.016119078891866,-0.050150656870050145,18.8871131686665,9.999997527529658,0.005629756789002283,18.8871131686665,0.018760865548588666
9.799999999999981,7.293700901786111,-0.03972054323370856,18.892385646692496,9.99999789840021,0.005569851213797764,18.892385646692496,0.01975617140637212
9.89999999999998,7.571223884439687,-0.027827036848642336,18.897951734965012,9.999998213640179,0.005518909803536167,18.897951734965012,0.02084914181334295
9.99999999999998,7.848676376869438,-0.014389004834975856,18.903840032671003,9.999998481594151,0.005477200628270125,18.903840032671003,0.022053145423132962
10.09999999999998,8.126044940146132,0.0006825080551111085,18.910083149753618,9.999998709355028,0.005445095605585354,18.910083149753618,0.02338399819421748
10.19999999999998,8.403314011717724,0.017485360778047597,18.916718445322754,9.999998902951774,0.0054230876844064595,18.916718445322754,0.024860524494844265
10.29999999999998,8.680465493918033,0.036127592714586314,18.923788937463524,9.999999067509007,0.005411813083235836,18.923788937463524,0.026505275244897108
10.399999999999979,8.957478244390565,0.056728940061581565,18.931344432771727,9.999999207382656,0.005412080143328067,18.931344432771727,0.02834544781077248
10.499999999999979,9.234327440163819,0.07942264833313135,18.93944291515367,9.999999326275256,0.005424906943948778,18.93944291515367,0.03041412696494592
10.599999999999978,9.510983778053278,0.10435764654383159,18.948152429712234,9.999999427333968,0.0054515717359295965,18.948152429712234,0.032751829510121934
10.699999999999978,9.787412456845974,0.13170121124645331,18.957553218371075,9.999999513233874,0.005493675355778141,18.957553218371075,0.0354086614394669
10.799999999999978,10.063571876145618,0.1616421772866633,18.967740728026683,9.999999586248792,0.005553231504265148,18.967740728026683,0.03844717275574809
10.899999999999977,10.339411948327351,0.19439491794889535,18.978829415675882,9.999999648311473,0.00563278485419586,18.978829415675882,0.04194626918265831
10.999999999999977,10.614871886415472,0.23020428695139009,18.990957769881213,9.999999701064752,0.005735573687395148,18.990957769881213,0.046006630666797436
11.099999999999977,10.88987726847714,0.26935181626140525,19.00429501291103,9.999999745905038,0.005865756566382447,19.00429501291103,0.05075833034156247
11.199999999999976,11.16433608823801,0.3121635688699163,19.01905016759046,9.999999784019284,0.006028733261598864,19.01905016759046,0.05637172141086226
11.299999999999976,11.438133361629246,0.3590201967644788,19.035484506595743,9.999999816416391,0.006231607280322395,19.035484506595743,0.06307326406215075
11.399999999999975,11.711123639082638,0.41036997193438407,19.053928922350114,9.999999843953933,0.0064838656458257385,19.053928922350114,0.0711689594536033
11.499999999999975,11.983120420534654,0.46674587369024334,19.074808582478934,9.999999867360843,0.006798399513592611,19.074808582478934,0.08107972271703344
11.599999999999975,12.25388089074667,0.5287882749238213,19.098678574073688,9.999999887256717,0.00719307228581919,19.098678574073688,0.09339584105462544
11.699999999999974,12.523083417715673,0.5972754383984342,19.126276423399336,9.99999990416821,0.007693188764278403,19.126276423399336,0.10896244114461999
11.799999999999974,12.790293575265666,0.6731649900533409,19.158600966895886,9.999999918542978,0.008335483407508944,19.158600966895886,0.12901588804813968
11.899999999999974,13.054911476656814,0.7576508399540927,19.197032897903274,9.99999993076153,0.009174725764961832,19.197032897903274,0.1554036422268754
11.999999999999973,13.316087825222283,0.8522415779186228,19.24352139922445,9.999999941147301,0.010294898363177271,19.24352139922445,0.19093630606855552
12.099999999999973,13.572586202334369,0.9588674446574479,19.300873373885292,9.999999949975207,0.011828319678760229,19.300873373885292,0.23992467119191999
12.199999999999973,13.822550999614664,1.0800206252834366,19.373189091071765,9.999999957478925,0.013987810612152693,19.373189091071765,0.30886585556653007
12.299999999999972,14.06310883367647,1.218917787394345,19.46644990891209,9.999999963857087,0.017115927557327864,19.46644990891209,0.40674260660732775
12.399999999999972,14.289686396868223,1.3796134660154171,19.589021558071344,9.999999969278523,0.02173569242539005,19.589021558071344,0.5425880563967289
12.499999999999972,14.494916609600555,1.5668060223174916,19.750955129234832,9.999999973886744,0.02849706763111333,19.750955129234832,0.7140561675397521
12.599999999999971,14.667281421122523,1.7846382173052264,19.958977226373197,9.999999977803732,0.03769499800937096,19.958977226373197,0.8833397201454528
12.69999999999997,14.790942470502502,2.0333718868211723,20.20443279611302,9.999999981133174,0.048096562355838916,20.20443279611302,0.9721411932233378
12.79999999999997,14.850455142920286,2.304699613671377,20.455103541894903,9.999999983963198,0.05640236481578781,20.455103541894903,0.9268847472811914
12.89999999999997,14.840803948657138,2.5823096783826083,20.672709485248173,9.999999986368719,0.059690418967161825,20.672709485248173,0.7810593134758154
12.99999999999997,14.771446385999216,2.8512892726252823,20.839753873864662,9.99999998841341,0.05820373084348806,20.839753873864662,0.6103238612728296
13.09999999999997,14.658331383079542,3.1049928196301226,20.961233915685195,9.9999999901514,0.054266080492745436,20.961233915685195,0.4633751550093723
13.199999999999969,14.51530582614593,3.3431192224900452,21.050259805077438,9.99999999162869,0.049875059974518084,21.050259805077438,0.3523815014382948
13.299999999999969,14.351675254413173,3.567586435446381,21.118120072008253,9.999999992884387,0.0459334516987544,21.118120072008253,0.27239673946902304
13.399999999999968,14.1732005820152,3.780441515324189,21.172033803307656,9.999999993951727,0.04261484372553042,21.172033803307656,0.2151096074414895
13.499999999999968,13.983514979132574,3.983369743505676,21.21620054813175,9.999999994858968,0.0398176448940194,21.21620054813175,0.17356957323131517
13.599999999999968,13.785054590502147,4.177725005571007,21.253124719785777,9.999999995630123,0.03739870171037213,21.253124719785777,0.1428561762063686
13.699999999999967,13.579554699924618,4.364621470846163,21.28443180060146,9.999999996285604,0.035247252369581476,21.28443180060146,0.11966105851857999
13.799999999999967,13.368305282785556,4.544993801119534,21.311271065783647,9.999999996842764,0.03329209966843236,21.311271065783647,0.10177965301937153
13.899999999999967,13.15229146780186,4.7196320715949,21.33450296449324,9.99999999731635,0.03149081376401419,21.33450296449324,0.08772987579491645
13.999999999999966,12.932279130131903,4.8892052565586415,21.3547917441891,9.999999997718897,0.029818420311944562,21.3547917441891,0.07649905375720481
14.099999999999966,12.708871876279556,5.0542800660182055,21.372658151120362,9.999999998061062,0.028259564157716993,21.372658151120362,0.06738207970128471
14.199999999999966,12.482551141401993,5.21533725698377,21.38851408419135,9.999999998351901,0.026802804662944886,21.38851408419135,0.058980993136207464
14.299999999999965,12.253705250602296,5.372785826573398,21.402388215189184,9.999999998599117,0.025421369275741592,21.402388215189184,0.05192986264593759
14.399999999999965,12.02269699289038,5.527044306646444,21.414551061659758,9.99999999880925,0.02411712180275837,21.414551061659758,0.04668696443966869
14.499999999999964,11.789829646096598,5.678481728065357,21.4255828172765,9.999999998987862,0.022909395297078118,21.4255828172765,0.04272860211229951
14.599999999999964,11.555305882351249,5.82734105108631,21.435805008142665,9.999999999139684,0.02179672756575996,21.435805008142665,0.039718821816800254
14.699999999999964,11.319272729651662,5.973795291859928,21.44542975873697,9.99999999926873,0.02077272568798882,21.44542975873697,0.03743495930542071
14.799999999999963,11.081840945649406,6.11797102408065,21.454614766556436,9.99999999937842,0.019830453653034544,21.454614766556436,0.035725988985230876
14.899999999999963,10.843094940357485,6.259959892569411,21.463486207954006,9.999999999471658,0.018963510570250836,21.463486207954006,0.03448817856987425
14.999999999999963,10.603098700549069,6.399825180245903,21.472150145953336,9.99999999955091,0.01816621866517564,21.472150145953336,0.03365037584479579
15.099999999999962,10.361899699179315,6.537605932016475,21.48069939859418,9.999999999618273,0.017433604571101227,21.48069939859418,0.03316492623156679
15.199999999999962,10.119531604231083,6.673319602560142,21.489218353003317,9.999999999675532,0.01676135243932299,21.489218353003317,0.03300204501495458
15.299999999999962,9.876016179279647,6.80696365081099,21.49778681032356,9.999999999724203,0.016145769768304934,21.49778681032356,0.03314644688858954
15.399999999999961,9.63136458422478,6.9385162671286205,21.50648318976995,9.999999999765572,0.015583768097658327,21.50648318976995,0.03359554371049353
15.499999999999961,9.385578223196806,7.067936352726527,21.515387637192106,9.999999999800737,0.015072867760552692,21.515387637192106,0.03435888088876398
15.59999999999996,9.13864920708493,7.195162744745268,21.52458516646237,9.999999999830626,0.014611221177739761,21.52458516646237,0.03545868011435818
15.69999999999996,8.890560483356227,7.32011265064043,21.534169134157015,9.999999999856032,0.014197662171191781,21.534169134157015,0.0369315461058295
15.79999999999996,8.64128565578741,7.44267918018857,21.544245357212862,9.999999999877627,0.013831790114392138,21.544245357212862,0.03883158919605504
15.89999999999996,8.390788495788822,7.56272778142121,21.554937296352552,9.999999999895984,0.01351410339403729,21.554937296352552,0.041235465974627065
15.99999999999996,8.139022125882857,7.680091271527494,21.566392883271547,9.999999999911585,0.0132462043061651,21.566392883271547,0.04425022020517855
16.09999999999996,7.885927837249207,7.794562992431929,21.57879385154631,9.999999999924848,0.013031111762327106,21.57879385154631,0.0480254546159512
16.19999999999996,7.63143348549836,7.905887377689232,21.59236895889671,9.99999999993612,0.012873742977337083,21.59236895889671,0.052772475831859754
16.29999999999996,7.375451388882194,8.013746823442336,21.607413295016045,9.999999999945702,0.012781666789076822,21.607413295016045,0.05879513820107652
16.399999999999963,7.117875647649928,8.117743127967888,21.624317404626833,9.999999999953847,0.012766312699687223,21.624317404626833,0.06654115852935912
16.499999999999964,6.858578825327051,8.217370693228244,21.643612814192267,9.99999999996077,0.012844975862814448,21.643612814192267,0.0766907618618512
16.599999999999966,6.597408035881585,8.311976784823804,21.666045825390245,9.999999999966654,0.013044274659549469,21.666045825390245,0.09031713991370897
16.699999999999967,6.334180837960721,8.400700716777791,21.692702695457495,9.999999999971656,0.013406416864287337,21.692702695457495,0.10919297918408387
16.79999999999997,6.068682335407471,8.482377145254462,21.72523287670815,9.999999999975907,0.014001227230169102,21.72523287670815,0.13641469354513092
16.89999999999997,5.800667816965068,8.555375170781701,21.766271459495155,9.99999999997952,0.014950895985380226,21.766271459495155,0.17777222563291004
16.99999999999997,5.529884062523151,8.617315885640219,21.820295648558655,9.999999999982593,0.016485241367915824,21.820295648558655,0.24501977396075558
17.099999999999973,5.25615069910475,8.664544474212624,21.8955009373999,9.999999999985203,0.01907691654768539,21.8955009373999,0.36436272438469935
17.199999999999974,4.979642573853317,8.6910727703673,22.008226482758563,9.999999999987423,0.023799964459302443,22.008226482758563,0.5990479939955624
17.299999999999976,4.701905302720408,8.686329137728569,22.19350515070397,9.99999999998931,0.03324781340947694,22.19350515070397,1.090538518534108
17.399999999999977,4.42979539227384,8.630501810515492,22.52134900202689,9.999999999990912,0.05246653053475331,22.52134900202689,1.9250476083613015
17.49999999999998,4.1901549115223995,8.490027849183724,23.040559254214312,9.999999999992276,0.08081453043749583,23.040559254214312,2.445795248796342
17.59999999999998,4.0517987581593164,8.249158447528776,23.556477868336838,9.999999999993436,0.09274936231097354,23.556477868336838,1.9800804657107063
17.69999999999998,4.050280145283451,7.971384820915318,23.863157960041757,9.99999999999442,0.07638903342215758,23.863157960041757,1.1885120260461757
17.799999999999983,4.132690941847441,7.706113347822633,23.99682035653306,9.999999999995259,0.053909105845824395,23.99682035653306,0.6692890589431173
17.899999999999984,4.249718011740476,7.454190425603677,24.052186278177306,9.99999999999597,0.038337714666325996,24.052186278177306,0.4022685148026799
17.999999999999986,4.380506580812433,7.209129526994356,24.087312310130574,9.999999999996573,0.02996859189879241,24.087312310130574,0.2642096415672636
18.099999999999987,4.519820719133372,6.968812934369123,24.118731624112115,9.999999999997087,0.02573234073942835,24.118731624112115,0.18701127841783405
18.19999999999999,4.666615439763811,6.732991383568212,24.14785170553082,9.999999999997524,0.023454669221951985,24.14785170553082,0.14009533761216106
18.29999999999999,4.820214097630117,6.501543881683245,24.173849573236716,9.999999999997895,0.022043760021056118,24.173849573236716,0.10951253274930796
18.39999999999999,4.979777314326456,6.274167379588932,24.196450286319305,9.999999999998211,0.020992141396815166,24.196450286319305,0.07848172782530569
18.499999999999993,5.144438214545783,6.050454881578442,24.212445808445327,9.99999999999848,0.019906968243237295,24.212445808445327,0.05461857818560581
18.599999999999994,5.3126562960355255,5.829404726891665,24.22278461202939,9.999999999998709,0.018792077089150108,24.22278461202939,0.038662918112067075
18.699999999999996,5.48315074053482,5.610105528940516,24.22988399663058,9.999999999998902,0.017741749952235753,24.22988399663058,0.027006207000213018
18.799999999999997,5.655197764755428,5.392022252910516,24.234597448756286,9.999999999999066,0.016752435302846997,24.234597448756286,0.017764159951557026
18.9,5.828270799101773,5.174752331823186,24.23728051431637,9.999999999999208,0.01580812739480557,24.23728051431637,0.009810063973691933
19.0,6.001926159228969,4.9579475585218535,24.238070687246083,9.999999999999325,0.014894554290100597,24.238070687246083,0.002350534572434522
19.1,6.175752778388356,4.741280070654459,24.23695226741513,9.999999999999426,0.013998815953889429,24.23695226741513,-0.0053075103910806085
19.200000000000003,6.349336963666485,4.524418307200226,24.233749386282305,9.999999999999512,0.013106718112970876,24.233749386282305,-0.013943733258656554
19.300000000000004,6.522225677330205,4.307001687516133,24.228071276148203,9.999999999999586,0.0121995078946491,24.228071276148203,-0.02467061794468717
19.400000000000006,6.693877095076645,4.088606896798059,24.219185519418875,9.999999999999648,0.011249003644935876,24.219185519418875,-0.03941389079244964
19.500000000000007,6.863581158911157,3.8686954952173163,24.205734922623954,9.999999999999702,0.010208208209400252,24.205734922623954,-0.06211489220275432
19.60000000000001,7.030312021267133,3.646521434253422,24.185046993645457,9.999999999999746,0.0089896497107301,24.185046993645457,-0.10247530557252774
19.70000000000001,7.192411211953409,3.4209458455785593,24.151155635598474,9.999999999999783,0.007406301022286625,24.151155635598474,-0.1915578601159037
19.80000000000001,7.346773716451929,3.190007085228327,24.08742927473542,9.999999999999815,0.004974228451259,24.08742927473542,-0.4906973598186056
19.900000000000013,7.486115962355184,2.9497067890699693,23.921837022931676,9.999999999999844,0.000456503512136424,23.921837022931676,-4.066658525657485
20.000000000000014,7.583941870027316,2.689724894286349,22.618528175070097,9.999999999999867,0.03595960987233555,22.618528175070097,-9.40614522411269
20.100000000000016,7.359061723542283,2.526662288076255,20.675764556485525,9.999999999999886,0.07880364569606679,20.675764556485525,-2.619356084167418
20.200000000000017,7.2888827339179665,2.7954287354659333,21.503903242086224,9.999999999999904,0.00022872184086636155,21.503903242086224,-1.5311617970332272
20.30000000000002,7.043431087556435,2.9254825055980307,21.393862821075864,9.999999999999918,0.002963278849123505,21.393862821075864,-0.3947176957673329
20.40000000000002,6.813746323279484,3.0817047923762004,21.500552688886376,9.99999999999993,0.0144445274128501,21.500552688886376,-0.1847018407260336
20.50000000000002,6.568731805922488,3.2125802297641144,21.532194620161743,9.999999999999941,0.020122484717557298,21.532194620161743,-0.10771421434543084
20.600000000000023,6.319699473445193,3.3356387167045822,21.534675956993517,9.99999999999995,0.021339379264801724,21.534675956993517,-0.07087805106620586
20.700000000000024,6.070362558374816,3.4580788923429218,21.527795739722016,9.99999999999996,0.020732982723096663,21.527795739722016,-0.050025684219528264
20.800000000000026,5.821873953125397,3.5822316486085737,21.519025284599756,9.999999999999964,0.019564488049910962,21.519025284599756,-0.036868323175551804
20.900000000000027,5.574483767013823,3.708558960156159,21.51083437300345,9.99999999999997,0.018307920054537387,21.51083437300345,-0.027916190477640622
21.00000000000003,5.328136603958268,3.8369083624985145,21.50385592221254,9.999999999999975,0.0171184734902722,21.50385592221254,-0.021474981948564908
21.10000000000003,5.082691111999511,3.9669737472259037,21.49811429663581,9.999999999999977,0.016036436944126906,21.49811429663581,-0.01663328561061917
21.20000000000003,4.837996448376591,4.0984462364456125,21.493466987006983,9.99999999999998,0.015063757544060336,21.493466987006983,-0.012861654199235758
21.300000000000033,4.593915418309557,4.231054473703241,21.489750474392192,9.999999999999984,0.01419104393319227,21.489750474392192,-0.009833501434597604
21.400000000000034,4.350328912973086,4.364568923277531,21.486821599865202,9.999999999999988,0.013406668939896981,21.486821599865202,-0.007337367441302151
21.500000000000036,4.107134498926913,4.498796233478918,21.484564661030436,9.99999999999999,0.012699629243210378,21.484564661030436,-0.005230693265208636
21.600000000000037,3.8642436468409294,4.633572076270218,21.482888654132317,9.999999999999991,0.012060284348967778,21.482888654132317,-0.0034139821838029397
21.70000000000004,3.621579021031427,4.768754816321951,21.481722614122464,9.999999999999991,0.011480405473299536,21.481722614122464,-0.0018156291283847423
21.80000000000004,3.3790721886391224,4.904220421071685,21.481011355641197,9.999999999999993,0.010953023909713446,21.481011355641197,-0.000382634798920278
21.90000000000004,3.1366617686397142,5.039858476582927,21.480712091692965,9.999999999999995,0.010472242282961265,21.480712091692965,0.0009252901812787235
22.000000000000043,2.894291951074729,5.1755690707186695,21.480791877390057,9.999999999999995,0.010033059627489693,21.480791877390057,0.002139589640816539
22.100000000000044,2.6519113065168334,5.311260326777634,21.481225713369422,9.999999999999995,0.009631222944945025,21.481225713369422,0.0032854735472461903
22.200000000000045,2.409471817021494,5.446846416626113,21.48199515088707,9.999999999999995,0.009263105390115923,21.48199515088707,0.004383734558037589
22.300000000000047,2.166928074278266,5.582245924318229,21.483087274956077,9.999999999999995,0.008925607685946942,21.483087274956077,0.005452050026662664
22.40000000000005,1.9242366031483409,5.717380463455909,21.484493975101806,9.999999999999995,0.008616078833888296,21.484493975101806,0.006505946399424709
22.50000000000005,1.6813552784247556,5.852173474875926,21.48621143985169,9.999999999999995,0.008332252605836754,21.48621143985169,0.007559540048952582
22.60000000000005,1.4382428097809679,5.986549147588972,21.488239828752626,9.999999999999995,0.008072196947922966,21.488239828752626,0.008626141242838632
22.700000000000053,1.1948582753271224,6.120431417572138,21.490583107681683,9.999999999999995,0.007834274175009927,21.490583107681683,0.00971875190222778
22.800000000000054,0.951160685864754,6.253743002655323,21.49324899093273,9.999999999999995,0.007617109659141653,21.49324899093273,0.010850536752896165
22.900000000000055,0.7071085696722701,6.386404445467961,21.49624903811779,9.999999999999995,0.00741956913849615,21.49624903811779,0.012035266457775782
23.000000000000057,0.4626595617569611,6.51833312451987,21.499598859745472,9.999999999999995,0.0072407423965697906,21.499598859745472,0.013287783489684743
23.10000000000006,0.21776998864291838,6.649442204324369,21.503318463022175,9.999999999999995,0.0070799337651076665,21.503318463022175,0.01462451348601533
23.20000000000006,-0.027605563032850916,6.779639487195296,21.50743274581063,9.999999999999995,0.006936659122443555,21.50743274581063,0.016064059498751546
23.30000000000006,-0.2735147048647385,6.908826126561235,21.51197216957017,9.999999999999995,0.006810649905284625,21.51197216957017,0.017627919780787944
23.400000000000063,-0.5200077439399461,7.0368951529283805,21.516973649166715,9.999999999999995,0.006701864945819324,21.516973649166715,0.019341383287033102
23.500000000000064,-0.7671382319866247,7.163729752722643,21.522481715160623,9.999999999999995,0.006610511636664172,21.522481715160623,0.021234683465271235
23.600000000000065,-1.0149635810361377,7.289201224363202,21.528550045658875,9.999999999999995,0.006537078781132613,21.528550045658875,0.023344479194960875
23.700000000000067,-1.2635457647456025,7.41316650889639,21.535243399502228,9.999999999999995,0.006482383833184202,21.535243399502228,0.0257158769259995
23.800000000000068,-1.512952117430563,7.535465180465405,21.542640257869568,9.999999999999995,0.006447642502301796,21.542640257869568,0.028405129250346467
23.90000000000007,-1.7632562649006058,7.655915699710676,21.55083624064934,9.999999999999995,0.006434564515704022,21.55083624064934,0.031483379091885505
24.00000000000007,-2.0145392047646578,7.7743107078843305,21.55994870845918,9.999999999999995,0.006445490433751565,21.55994870845918,0.03504191445292793
24.100000000000072,-2.266890567571268,7.890411024493748,21.57012300304233,9.999999999999995,0.00648358685791139,21.57012300304233,0.0391996875404616
24.200000000000074,-2.5204100876975253,8.00393787921153,21.581541039658685,9.999999999999995,0.006553128827622437,21.581541039658685,0.04411429029832475
24.300000000000075,-2.7752093077541566,8.114562701406609,21.594433339293303,9.999999999999995,0.006659915564484311,21.594433339293303,0.04999833874319421
24.400000000000077,-3.0314135216842475,8.221893473283199,21.609096224165,9.999999999999995,0.006811895713629039,21.609096224165,0.05714448725461406
24.500000000000078,-3.289163916488139,8.325456149019193,21.625916861394206,9.999999999999995,0.007020130303222822,21.625916861394206,0.06596470544195278
24.60000000000008,-3.5486197570532165,8.42466885296294,21.64541073409854,9.999999999999995,0.00730032069055182,21.64541073409854,0.07705369439851151
24.70000000000008,-3.80996021846414,8.518805227742757,21.668279118126897,9.999999999999995,0.0076753089040837085,21.668279118126897,0.09129464183557752
24.800000000000082,-4.073384906298725,8.606941075537012,21.695499947405906,9.999999999999995,0.008179322171754818,21.695499947405906,0.11004168232796137
24.900000000000084,-4.339110839391911,8.68787451923562,21.728476058965086,9.999999999999995,0.008865473683747571,21.728476058965086,0.13544658659889108
25.000000000000085,-4.607360693803024,8.76000294245128,21.769285853302815,9.999999999999995,0.00981961538704073,21.769285853302815,0.17106382025447806
25.100000000000087,-4.878329931423201,8.821127128259358,21.82112091891285,9.999999999999995,0.011187071703364929,21.82112091891285,0.22300037621344335
25.200000000000088,-5.152102177975729,8.86812979674469,21.88907086390946,9.999999999999995,0.013226233120387098,21.88907086390946,0.3020814722936789
25.30000000000009,-5.42843400929781,8.896435499798052,21.981527410528727,9.999999999999995,0.016416744927793065,21.981527410528727,0.4274335270399215
25.40000000000009,-5.706198930673614,8.899108004288912,22.112457034212678,9.999999999999995,0.02165626463699495,22.112457034212678,0.6287944291625422
25.500000000000092,-5.9819353605339005,8.865493794866943,22.303377265381755,9.999999999999995,0.030435943532614543,22.303377265381755,0.9273533194332787
25.600000000000094,-6.2462829505591015,8.780165924419892,22.57622046527411,9.999999999999995,0.04402599047186408,22.57622046527411,1.2485814526338859
25.700000000000095,-6.477858613347632,8.626760558701434,22.917028455298492,9.999999999999995,0.05971850989645221,22.917028455298492,1.3709782595370028
25.800000000000097,-6.644839632495704,8.404774448614718,23.245703528299448,9.999999999999995,0.0688732709480039,23.245703528299448,1.1904704604418346
25.900000000000098,-6.731227556316862,8.140771379607878,23.48896749337681,9.999999999999995,0.06702637219805745,23.48896749337681,0.8768859638473316
26.0000000000001,-6.75148107015102,7.8637329544670145,23.643255250335287,9.999999999999995,0.05908338005993185,23.643255250335287,0.6056998257730705
26.1000000000001,-6.728919741672995,7.586872917111553,23.739832312024795,9.999999999999995,0.0508040688275285,23.739832312024795,0.4201842787036692
26.200000000000102,-6.679766764668259,7.313478552358488,23.806067490655835,9.999999999999995,0.04441965766296296,23.806067490655835,0.3012732914575915
26.300000000000104,-6.61262648074835,7.043936948700881,23.856497784453488,9.999999999999995,0.03990655011505463,23.856497784453488,0.22454515604346642
26.400000000000105,-6.531984253491883,6.778122492716491,23.897387162108657,9.999999999999995,0.03666197075247255,23.897387162108657,0.1734200365344197
26.500000000000107,-6.440543472162414,6.515826710560131,23.931473061841686,9.999999999999995,0.03417210219932815,23.931473061841686,0.13804952266626266
26.600000000000108,-6.340216949296711,6.25679952542923,23.96024251004571,9.999999999999995,0.03211804722910135,23.96024251004571,0.11269037603116187
26.70000000000011,-6.232480901514209,6.000765469422286,23.98472542465502,9.999999999999995,0.030325583841794828,23.98472542465502,0.09392573247288365
26.80000000000011,-6.118509307602247,5.747445573621882,24.005725854538557,9.999999999999995,0.028705071592282885,24.005725854538557,0.07965642012187713
26.900000000000112,-5.9992434088368105,5.4965748116370845,24.023889621694867,9.999999999999995,0.027211305602770006,24.023889621694867,0.0685479217141862
27.000000000000114,-5.875440676230108,5.247911631358472,24.039734312850605,9.999999999999995,0.02582103690515635,24.039734312850605,0.05972369140254961
27.100000000000115,-5.747713657461815,5.0012411983841805,24.05367226218966,9.999999999999995,0.02452142112761226,24.05367226218966,0.0525905529009092
27.200000000000117,-5.6165610763467,4.756374919991251,24.066031112345172,9.999999999999995,0.02330438468519868,24.066031112345172,0.046736182092153335
27.300000000000118,-5.482392322699755,4.51314819577702,24.077071599123713,9.999999999999995,0.02216398517201449,24.077071599123713,0.04186702001363962
27.40000000000012,-5.34554645916253,4.27141755340847,24.087002161118125,9.999999999999995,0.02109522487378626,24.087002161118125,0.0377695491250884
27.50000000000012,-5.206306861494708,4.031057764199743,24.095990512386454,9.999999999999995,0.020093547156001243,24.095990512386454,0.034285474331930785
27.600000000000122,-5.064912479278647,3.791959201876799,24.104172618317783,9.999999999999995,0.019154642989422443,24.104172618317783,0.03129541402719746
27.700000000000124,-4.921566522054285,3.554025533862809,24.11165958732668,9.999999999999995,0.01827439149623731,24.11165958732668,0.028707936618351318
27.800000000000125,-4.776443197062844,3.317171751181195,24.118542946935072,9.999999999999995,0.017448853318872616,24.118542946935072,0.026452036202506513
27.900000000000126,-4.629692973189467,3.0813225077644013,24.124898689581055,9.999999999999995,0.016674280676379178,24.124898689581055,0.024471870134729377
28.000000000000128,-4.481446726325535,2.8464107283281237,24.130790388687114,9.999999999999995,0.01594712902438316,24.130790388687114,0.022723014558023048
28.10000000000013,-4.331819030910971,2.612376443249875,24.136271613078527,9.999999999999995,0.01526406484510361,24.136271613078527,0.02116975769204537
28.20000000000013,-4.18091079517615,2.379165812671927,24.141387810617434,9.999999999999995,0.014621968304630643,24.141387810617434,0.019783114772858355
28.300000000000132,-4.028811388035568,2.1467303072631276,24.146177788437786,9.999999999999995,0.014017931211194747,24.146177788437786,0.018539352753948912
28.400000000000134,-3.8756003691093914,1.9150260183369985,24.150674884765532,9.999999999999995,0.013449251263254879,24.150674884765532,0.017418880339742492
28.500000000000135,-3.7213489064462255,1.6840130747744475,24.154907903370297,9.999999999999995,0.012913423638481854,24.154907903370297,0.01640540336852381
28.600000000000136,-3.5661209465865977,1.4536551482666362,24.158901864050833,9.999999999999995,0.012408130846202327,24.158901864050833,0.015485275328305419
28.700000000000138,-3.409974186747063,1.2239190317790993,24.16267860953239,9.999999999999995,0.011931231583295426,24.16267860953239,0.014646993031095137
28.80000000000014,-3.2529608877525646,0.9947742789130898,24.166257299504746,9.999999999999995,0.01148074915478221,24.166257299504746,0.013880801432886298
28.90000000000014,-3.095128557914447,0.7661928940957079,24.169654815343655,9.999999999999995,0.011054859866957367,24.169654815343655,0.013178381345384871
29.000000000000142,-2.9365205316324143,0.5381490653564095,24.17288609367568,9.999999999999995,0.010651881677625015,24.17288609367568,0.012532600691326192
29.100000000000144,-2.777176461575268,0.3106189329238377,24.175964402889075,9.999999999999995,0.010270263292988272,24.175964402889075,0.011937314899273167
29.200000000000145,-2.617132739491926,0.083580388071052,24.178901573614635,9.999999999999995,0.00990857382946061,24.178901573614635,0.011387205612023606
29.300000000000146,-2.456422857745734,-0.14298710239544304,24.18170819184951,9.999999999999995,0.009565493106617324,24.18170819184951,0.010877649499007424
29.400000000000148,-2.29507772134816,-0.36910264982199353,24.184393761590055,9.999999999999995,0.009239802600168292,24.184393761590055,0.010404610894528724
29.50000000000015,-2.133125918441682,-0.5947840787489255,24.186966842441866,9.999999999999995,0.008930377057787132,24.186966842441866,0.009964553422536116
29.60000000000015,-1.9705939557331014,-0.820048045963518,24.189435166587256,9.999999999999995,0.008636176762992599,24.189435166587256,0.009554366849664084
29.700000000000152,-1.8075064642225906,-1.0449101457935461,24.191805738638468,9.999999999999995,0.00835624042069027,24.191805738638468,0.00917130622712808
29.800000000000153,-1.6438863796460885,-1.2693850035178327,24.19408492123399,9.999999999999995,0.00808967863103436,24.19408492123399,0.008812941007035866
29.900000000000155,-1.4797551012999364,-1.4934863584794178,24.1962785087038,9.999999999999995,0.007835667914317676,24.1962785087038,0.008477112299165467
30.000000000000156,-1.315132632309228,-1.7172271382460123,24.198391790706232,9.999999999999995,0.007593445248072957,24.198391790706232,0.008161896806206725
